ID,FirstName,LustName,PatronymicName,Mail
1,Иванов,Иван,Иванович,1a@mail.ru
2,Петров,Петр,Петрович,1b@mail.ru
3,Сидоров,Сидор,Сидорович,1c@mail.ru
4,Кузнецов,Алексей,Дмитриевич,1d@mail.ru
5,Смирнов,Дмитрий,Алексеевич,1e@mail.ru
6,Попов,Михаил,Сергеевич,1f@mail.ru
7,Лебедев,Андрей,Николаевич,1g@mail.ru
8,Волков,Сергей,Павлович,1h@mail.ru
9,Козлов,Павел,Андреевич,1i@mail.ru
10,Новиков,Николай,Михайлович,1j@mail.ru
11,Морозов,Иван,Петрович,1k@mail.ru
12,Соловьев,Петр,Иванович,1l@mail.ru
13,Васильев,Алексей,Сидорович,1m@mail.ru
14,Зайцев,Дмитрий,Петрович,1n@mail.ru
15,Павлов,Михаил,Алексеевич,1o@mail.ru
16,Семенов,Андрей,Дмитриевич,1p@mail.ru
17,Голубев,Сергей,Михайлович,1q@mail.ru
18,Виноградов,Павел,Андреевич,1r@mail.ru
19,Богданов,Николай,Сергеевич,1s@mail.ru
20,Воробьев,Иван,Николаевич,1t@mail.ru
21,Федоров,Петр,Алексеевич,1u@mail.ru
22,Михайлов,Алексей,Петрович,1v@mail.ru
23,Тарасов,Дмитрий,Иванович,1w@mail.ru
24,Белов,Михаил,Дмитриевич,1x@mail.ru
25,Комаров,Андрей,Павлович,1y@mail.ru
26,Орлов,Сергей,Андреевич,1z@mail.ru
27,Киселев,Павел,Сергеевич,2a@mail.ru
28,Макаров,Николай,Павлович,2b@mail.ru
29,Андреев,Иван,Андреевич,2c@mail.ru
30,Ковалев,Петр,Николаевич,2d@mail.ru
31,Ильин,Алексей,Михайлович,2e@mail.ru
32,Гусев,Дмитрий,Сергеевич,2f@mail.ru
33,Титов,Михаил,Андреевич,2g@mail.ru
34,Кузьмин,Андрей,Дмитриевич,2h@mail.ru
35,Кудрявцев,Сергей,Павлович,2i@mail.ru
36,Баранов,Павел,Алексеевич,2j@mail.ru
37,Куликов,Николай,Петрович,2k@mail.ru
38,Алексеев,Иван,Сергеевич,2l@mail.ru
39,Степанов,Петр,Дмитриевич,2m@mail.ru
40,Яковлев,Алексей,Павлович,2n@mail.ru
41,Сорокин,Дмитрий,Михайлович,2o@mail.ru
42,Сергеев,Михаил,Иванович,2p@mail.ru
43,Романов,Андрей,Алексеевич,2q@mail.ru
44,Захаров,Сергей,Дмитриевич,2r@mail.ru
45,Борисов,Павел,Николаевич,2s@mail.ru
46,Королев,Николай,Петрович,2t@mail.ru
47,Герасимов,Иван,Павлович,2u@mail.ru
48,Пономарев,Петр,Андреевич,2v@mail.ru
49,Григорьев,Алексей,Сергеевич,2w@mail.ru
50,Лазарев,Дмитрий,Михайлович,2x@mail.ru
